[
{
  "senderId": 0,
  "message": "hello!",
  "timeStamp": "2 days ago"
},
{
  "senderId": 15,
  "message": "hi",
  "timeStamp": "2 days ago"
},
{
  "senderId": 15,
  "message": "how are you? Did you have a good day?",
  "timeStamp": "2 days ago"
},
{
  "senderId": 0,
  "message": "Yeah it was great. Do you want to get some coffee?",
  "timeStamp": "2 days ago"
},
{
  "senderId": 15,
  "message": "sure, Philz on 18th street?",
  "timeStamp": "2 days ago"
},
{
  "senderId": 0,
  "message": "sounds good, see you then",
  "timeStamp": "2 days ago"
}
]