[{
    "userid": 15,
    "conversation": [
          {
            "senderId": 0,
            "message": "hello!",
            "timeStamp": "2 days ago"
          },
          {
            "senderId": 15,
            "message": "hi",
            "timeStamp": "2 days ago"
          },
          {
            "senderId": 15,
            "message": "how are you? Did you have a good day?",
            "timeStamp": "2 days ago"
          },
          {
            "senderId": 0,
            "message": "Yeah it was great. Do you want to get some coffee?",
            "timeStamp": "2 days ago"
          },
          {
            "senderId": 15,
            "message": "sure, Philz on 18th street?",
            "timeStamp": "2 days ago"
          },
          {
            "senderId": 0,
            "message": "sounds good, see you then",
            "timeStamp": "2 days ago"
          }
        ]
    },
    {
      "userid": 25,
        "conversation": [
          {
            "senderId": 0,
            "message": "hello! Sarah",
            "timeStamp": "2 days ago"
          },
          {
            "senderId": 25,
            "message": "hi",
            "timeStamp": "2 days ago"
          }
        ]
    },
    {
      "userid": 35,
      "conversation": [
          {
            "senderId": 0,
            "message": "hello! Phillis",
            "timeStamp": "2 days ago"
          },
          {
            "senderId": 35,
            "message": "hi",
            "timeStamp": "2 days ago"
          }
        ]
    },
    {
      "userid": 45,
      "conversation": [
          {
            "senderId": 0,
            "message": "hello! Patty",
            "timeStamp": "2 days ago"
          },
          {
            "senderId": 45,
            "message": "hi",
            "timeStamp": "2 days ago"
          }
        ]
    },
    {
      "userid": 55,
        "conversation": [
          {
            "senderId": 0,
            "message": "hello! Tilly",
            "timeStamp": "2 days ago"
          },
          {
            "senderId": 55,
            "message": "hi",
            "timeStamp": "2 days ago"
          }
        ]
    }
  ]
