[
	{
		"userid": 1,
		"username": "Jane",
		"age": 27,
		"location_city": "Oakland",
		"location_state": "CA",
		"personal_blurb": "I love eating and traveling. Also I like my men perfect...",
		"relevance": 1,
		"imageUrl": "http://lorempixel.com/48/48/people/9/"
	},
	{
		"userid": 2,
		"username": "Jane",
		"age": 27,
		"imageUrl": "http://lorempixel.com/48/48/people/9/",
		"location_city": "Oakland",
		"location_state": "CA",
		"personal_blurb": "I love eating and traveling. Also I like my men perfect...",
		"relevance": 1
	},
	{
		"userid": 3,
		"username": "Jane",
		"age": 27,
		"imageUrl": "http://lorempixel.com/48/48/people/9/",
		"location_city": "Oakland",
		"location_state": "CA",
		"personal_blurb": "I love eating and traveling. Also I like my men perfect...",
		"relevance": 1
	},
	{
		"userid": 4,
		"username": "Jane",
		"age": 27,
		"imageUrl": "http://lorempixel.com/48/48/people/9/",
		"location_city": "Oakland",
		"location_state": "CA",
		"personal_blurb": "I love eating and traveling. Also I like my men perfect...",
		"relevance": 1
	},
	{
		"userid": 5,
		"username": "Jane",
		"age": 27,
		"imageUrl": "http://lorempixel.com/48/48/people/9/",
		"location_city": "Oakland",
		"location_state": "CA",
		"personal_blurb": "I love eating and traveling. Also I like my men perfect...",
		"relevance": 1
	},
	{
		"userid": 6,
		"username": "Jane",
		"age": 27,
		"imageUrl": "http://lorempixel.com/48/48/people/9/",
		"location_city": "Oakland",
		"location_state": "CA",
		"personal_blurb": "I love eating and traveling. Also I like my men perfect...",
		"relevance": 1
	},
	{
		"userid": 7,
		"username": "Jane",
		"age": 27,
		"imageUrl": "http://lorempixel.com/48/48/people/9/",
		"location_city": "Oakland",
		"location_state": "CA",
		"personal_blurb": "I love eating and traveling. Also I like my men perfect...",
		"relevance": 1
	}
]
