{
	"name": "Internet",
	"value": 100,
	"color": "#c21617",
	"children": 
	[
		{
			"name": "art and entertainment",
			"value": 75,
			"color": "#eb401d",
			"children": [
				{"name": "books and literature", "value": 25, "color": "#fe7516"},
				{"name": "movies and tv", "value": 25, "color": "#ffc600"},
				{"name": "music", "value": 25, "color": "#549b3c"}
			]
		},
		{
			"name": "news",
			"value": 75,
			"color": "#067e6a",
			"children": [
				{"name": "international news", "value": 25, "color": "#704b7b"},
				{"name": "local news", "value": 25, "color": "#932f33"}
			]
		},
		{
			"name": "technology and computing",
			"value": 75, 
			"color": "#4a261c",
			"children": [
				{"name": "technological innovation", "value": 25, "color": "#4b4540"}
			]
		}
	]
}
